id,name,field_of_study,email
STAFF007,CAMILA ATHERTON,HUMAN RESOURCES,catherton0@yandex.ru
STAFF008,ILENE ANTOGNETTI,SERVICES,iantognetti1@sciencedirect.com
STAFF009,DARREL KLEINZWEIG,SALES,dkleinzweig2@nhs.uk
STAFF010,MARKUS DOMASCHKE,MARKETING,mdomaschke3@baidu.com
STAFF011,CARROL BENASIK,ENGINEERING,cbenasik4@friendfeed.com
STAFF012,REINALDOS VANYUKHIN,RESEARCH AND DEVELOPMENT,rvanyukhin5@msu.edu
STAFF013,BONE MEDCALFE,TRAINING,bmedcalfe6@hubpages.com
STAFF014,ALBINA WARLOWE,ACCOUNTING,awarlowe7@networksolutions.com
STAFF015,WITTIE GLEAVES,RESEARCH AND DEVELOPMENT,wgleaves8@walmart.com
STAFF016,CAROLIN WYLIE,SUPPORT,cwylie9@nyu.edu
STAFF017,WALD SYRATT,PRODUCT MANAGEMENT,wsyratta@shinystat.com
STAFF018,CORNELA YEARNES,SALES,cyearnesb@1688.com
STAFF019,CATHI TOLMIE,TRAINING,ctolmiec@is.gd
STAFF020,BEBE GHERARDESCI,SERVICES,bgherardescid@harvard.edu
STAFF021,GILBERTE PRE,ENGINEERING,gpree@myspace.com
STAFF022,GAYEL KIRMAN,ENGINEERING,gkirmanf@telegraph.co.uk
STAFF023,LESLIE OBOY,ACCOUNTING,loboyg@mayoclinic.com
STAFF024,GUTHREY FERRETTI,LEGAL,gferrettih@ucsd.edu
STAFF025,OLVA GUMME,SUPPORT,ogummei@soup.io
STAFF026,AMBERLY ENTERLEIN,MARKETING,aenterleinj@noaa.gov
STAFF027,PENN CASTEL,RESEARCH AND DEVELOPMENT,pcastelk@yelp.com
STAFF028,SOMERSET MCGUCKEN,LEGAL,smcguckenl@netscape.com
STAFF029,JOLY BOULGER,SERVICES,jboulgerm@instagram.com
STAFF030,BAUDOIN ADES,SUPPORT,badesn@clickbank.net
STAFF031,MIDGE SIDERY,TRAINING,msideryo@barnesandnoble.com
STAFF032,VERN TULK,ENGINEERING,vtulkp@163.com
STAFF033,PENROD ARTZ,MARKETING,partzq@mozilla.com
STAFF034,ALUINO TURFES,TRAINING,aturfesr@state.gov
STAFF035,JULIETTA ZIEBART,LEGAL,jziebarts@scribd.com
STAFF036,BRUCIE CASTRO,TRAINING,bcastrot@purevolume.com
STAFF037,ADOLF STOLLSTEIMER,TRAINING,astollsteimeru@unicef.org
STAFF038,ISAAC BALASSA,BUSINESS DEVELOPMENT,ibalassav@mayoclinic.com
STAFF039,COREY MACGIANY,SUPPORT,cmacgianyw@washington.edu
STAFF040,LOTTI KENNEWELL,SERVICES,lkennewellx@tamu.edu
STAFF041,FARRAH SCINTSBURY,RESEARCH AND DEVELOPMENT,fscintsburyy@ebay.co.uk
STAFF042,PHYLLIS HRYSKIEWICZ,ENGINEERING,phryskiewiczz@un.org
STAFF043,LYDIA BROADBEAR,PRODUCT MANAGEMENT,lbroadbear10@discuz.net
STAFF044,ARIN MARTHEN,SERVICES,amarthen11@ft.com
STAFF045,DENNISON COWDRY,BUSINESS DEVELOPMENT,dcowdry12@aol.com
STAFF046,MOSES JUSTER,SERVICES,mjuster13@yahoo.com
STAFF047,YNEZ ASHALL,ENGINEERING,yashall14@census.gov
STAFF048,EDGARD LILLECRAP,PRODUCT MANAGEMENT,elillecrap15@archive.org
STAFF050,DARBEE COLEIRO,MARKETING,dcoleiro16@etsy.com
STAFF051,TERRILL CESCHINI,BUSINESS DEVELOPMENT,tceschini17@fda.gov
STAFF052,JUANITA QUIGLEY,RESEARCH AND DEVELOPMENT,jquigley18@jalbum.net
STAFF053,IRINA YURKIEWICZ,SERVICES,iyurkiewicz19@independent.co.uk
STAFF054,IDALINE JEPHSON,PRODUCT MANAGEMENT,ijephson1a@miibeian.gov.cn
STAFF055,MICKIE RELPH,LEGAL,mrelph1b@unblog.fr
STAFF076,CARLEN WEIPPERT,ENGINEERING,cweippert1c@foxnews.com
STAFF056,DUKEY PAKENHAM,TRAINING,dpakenham1d@squarespace.com
